<?xml version="1.0"?>
<config xmlns:xsi="http://www.w3.org/2001/XMLSchema-instance" xsi:noNamespaceSchemaLocation="urn:magento:module:Magento_Config:etc/system_file.xsd">
    <system>
        <tab id="cis_comment" translate="label" sortOrder="400">
            <label>Cis Extension</label>
        </tab>
        <section id="cis_comment" translate="label" type="text" sortOrder="1300" showInDefault="1" showInWebsite="1" showInStore="1">
            <class>separator-top</class>
            <label>Checkout Settings</label>
            <tab>cis_comment</tab>
            <resource>Cis_Comment::test_config</resource>
            <group id="active_display" type="text"  sortOrder="10" showInDefault="1" showInWebsite="1" showInStore="1">
                <label>Extension Settings</label>
                 <field id="enabled" translate="label comment" type="select" sortOrder="2" showInDefault="1"
                       showInWebsite="1" showInStore="1">
                    <label>Enable</label>
                    <source_model>Magento\Config\Model\Config\Source\Yesno</source_model>
                    <comment>Enable/Disable</comment>
                </field>
            </group>
        </section>
    </system>
</config>
