<?xml version="1.0" encoding="UTF-8"?>
<config xmlns:xsi="http://www.w3.org/2001/XMLSchema-instance" xsi:noNamespaceSchemaLocation="urn:magento:framework:Event/etc/events.xsd">
    <event name="sales_model_service_quote_submit_before">
        <observer name="cis_comment" instance="Cis\Comment\Model\Observer\SaveDeliveryDateToOrderObserver"/>
    </event>
     <event name="checkout_controller_onepage_save_shipping_address_before">
        <observer name="cis_comment" instance="Cis\Comment\Model\Observer\ShippingcostObserver"/>
    </event>
    <!--event name="controller_action_predispatch_checkout_onepage_index">
        <observer name="oye_deliverydate" instance="Oye\Deliverydate\Model\Observer\ModulestatusObserver"/>
    </event-->
</config>
