<?xml version="1.0"?>
<config xmlns:xsi="http://www.w3.org/2001/XMLSchema-instance" xsi:noNamespaceSchemaLocation="urn:magento:framework:Api/etc/extension_attributes.xsd">
    <extension_attributes for="Magento\Checkout\Api\Data\ShippingInformationInterface">
        <attribute code="delivery_date" type="string"/>
    </extension_attributes>
	<extension_attributes for="Magento\Checkout\Api\Data\ShippingInformationInterface">
        <attribute code="order_ref" type="string"/>
    </extension_attributes>
<extension_attributes for="Magento\Checkout\Api\Data\ShippingInformationInterface">
        <attribute code="days_start" type="string"/>
    </extension_attributes>
<extension_attributes for="Magento\Checkout\Api\Data\ShippingInformationInterface">
        <attribute code="days_end" type="string"/>
    </extension_attributes>
<extension_attributes for="Magento\Checkout\Api\Data\ShippingInformationInterface">
        <attribute code="time_start" type="string"/>
    </extension_attributes>
<extension_attributes for="Magento\Checkout\Api\Data\ShippingInformationInterface">
        <attribute code="time_end" type="string"/>
    </extension_attributes>
<extension_attributes for="Magento\Checkout\Api\Data\ShippingInformationInterface">
        <attribute code="comments" type="string"/>
    </extension_attributes>
</config>
